{"type": "block", "layer": 0, "block": 0, "features": [{"geom": {"pts": [[29.740935644918743, -0.839848143858267, 11.67127913084119]], "r": 1.999792579074756}, "mtl": 0, "prop": ["Irving K. Barber Learning Centre"], "lh": 0.0}, {"geom": {"pts": [[9.611469189886012, 4.540289841983523, 10.574011004895558]], "r": 1.999792579074756}, "mtl": 0, "prop": ["Belkin Art Gallery"], "lh": 0.0}, {"geom": {"pts": [[-8.95344163110296, 16.904897524803737, 9.035817290013124]], "r": 1.999792579074756}, "mtl": 0, "prop": ["Museum of Anthropology"], "lh": 0.0}, {"geom": {"pts": [[16.25959401405076, 18.63686793170754, 10.684284109052662]], "r": 1.999792579074756}, "mtl": 0, "prop": ["Chan Shun Concert Hall"], "lh": 0.0}]}