{"type": "block", "layer": 1, "block": 3, "features": [{"geom": {"polygons": [[[[12.286679197730255, 28.2642266851828], [12.289433644228154, 28.313242946296935], [12.564145384329638, 28.29781160279624], [12.561390937859873, 28.2488033955305], [12.820800197525827, 28.23422576963614], [12.823546590175328, 28.283250084598677], [13.037241702818381, 28.27124166447161], [13.000072783208472, 27.609481869513715], [12.667662637769418, 27.62815089569962], [12.673163476804294, 27.726191472001315], [11.553376279686212, 27.789092720471682], [11.547875440641963, 27.69106019831842], [11.215457241265437, 27.709729224504326], [11.220966134219035, 27.807769800580996], [10.101178937180656, 27.870662995352987], [10.095670044241112, 27.77263047327473], [9.763259898792686, 27.79129949923561], [9.76876073778069, 27.88933202153889], [8.641314246563637, 27.952660128699915], [8.641998831309616, 27.964894059282447], [8.532996846747398, 27.971047267341554], [8.562578957653388, 28.498000263012926], [8.81991835545961, 28.4835676078149], [8.821295578781218, 28.50791465975382], [9.096007318971777, 28.492612179252664], [9.093260926406666, 28.44370061929283], [9.382276458744155, 28.427383342717206], [9.38503090522329, 28.476375442061123], [9.659742645418545, 28.460952152408826], [9.656988198836258, 28.411951999366533], [9.916397458600667, 28.397382427020535], [9.91914385116579, 28.44637452636445], [10.132838963958857, 28.43437416008578], [10.130092571421867, 28.385365952820045], [10.27075458264508, 28.377465040606314], [10.273509029161731, 28.42647324779704], [10.548220769192895, 28.411041904296354], [10.545466322737196, 28.362041751104037], [10.83448185530439, 28.345805013912496], [10.83722824774761, 28.39481322095321], [11.111948041739684, 28.37938187767754], [11.10919359535899, 28.33037367048681], [11.368594801120302, 28.315804098290837], [11.37134924750568, 28.364804251633164], [11.58504436034563, 28.3528038853545], [11.582289913866484, 28.30379567816377], [11.722951925070946, 28.29589476580002], [11.725706371521971, 28.34490297291574], [12.000426165668754, 28.329471629490055], [11.997671719283364, 28.28046342237434], [12.286679197730255, 28.2642266851828]]]], "centroids": [[10.808361016276036, 28.09058180787931, 9.274800262500605]], "h": 2.4161811265502493}, "mtl": {"face": 0}}, {"geom": {"polygons": [[[[14.163568696694151, 30.673964662131258], [14.425144465464811, 30.468017436852488], [14.015118528292724, 29.947233756711988], [13.84696037584664, 30.079640482472747], [13.87734788050441, 30.11822689514788], [13.673228898998746, 30.2789432095395], [13.642857502211225, 30.240364851012796], [13.426673722889626, 30.410576757378045], [13.457029011755328, 30.44913095435955], [13.229601936296087, 30.628194137475734], [13.199230539550754, 30.58962383294744], [12.98304676023384, 30.759827685389283], [13.01341815689947, 30.798406043990994], [12.902732899508951, 30.885557697319395], [12.873464892211217, 30.848380723715756], [12.656701229283874, 30.89930576775269], [12.667912309756012, 30.94704145294488], [12.4229759750645, 31.004602941345436], [12.411756840673638, 30.95682698653621], [12.143899000956848, 31.019728235231607], [12.15511813526332, 31.067520297812642], [11.87333503845136, 31.13368339111349], [11.862115904060499, 31.085891328382434], [11.594258064409335, 31.148792577002823], [11.605477198809567, 31.196584639733874], [11.460844596558461, 31.23054809242252], [11.578689803999765, 31.732413074151427], [12.678036108688307, 31.47432466030103], [12.700466323555993, 31.56984435407584], [13.024540643946914, 31.493501084561682], [13.00215069885098, 31.39814246933002], [13.120277794183465, 31.370404710011144], [14.102648716729139, 30.596590488320775], [14.163568696694151, 30.673964662131258]]]], "centroids": [[12.955763007313713, 30.97507889316262, 9.081446046219586]], "h": 1.812135844912687}, "mtl": {"face": 0}}, {"geom": {"polygons": [[[[13.015592719983838, 29.550835081192403], [12.98663881603651, 29.573619669140047], [13.159403820692594, 29.79301696938602], [13.188341616493071, 29.770216273441548], [13.218704959474392, 29.808794632118275], [13.430910093811876, 29.641764030749364], [13.620693067373846, 29.882794206170587], [13.832890147787925, 29.715779712573482], [13.551968822163484, 29.358958083883273], [13.39753457846954, 29.480516156512792], [13.124304762839289, 29.13331092857231], [12.854256252224127, 29.345902651988105], [13.015592719983838, 29.550835081192403]]]], "centroids": [[13.317472220295379, 29.531036546067, 9.324712158391774]], "h": 0.6040452816375623}, "mtl": {"face": 0}}, {"geom": {"polygons": [[[[-7.762807898235402, -13.246377168209689], [-7.698988500898018, -13.365945918157284], [-7.5545572470508695, -13.28885363241612], [-7.330053750645149, -13.709486604646884], [-7.309532319004985, -13.698541304209742], [-7.2544756050688495, -13.801704184574248], [-7.484157782874656, -13.92430121474843], [-7.5289537809414835, -13.840379190331856], [-7.837097413971039, -14.004848639556846], [-7.957584312809085, -13.77909678309158], [-8.033379914865874, -13.819559762920878], [-8.183038173766066, -13.539161943278929], [-8.107234517837442, -13.498707017073006], [-8.135689077628744, -13.44539800758215], [-7.762807898235402, -13.246377168209689]]], [[[-10.344545755564539, -16.02466330643116], [-9.959229297395671, -15.81900602277008], [-9.852675709843407, -16.01863896129658], [-10.237992167871635, -16.224296244882655], [-10.344545755564539, -16.02466330643116]]], [[[-8.344962578858034, -10.031100511789809], [-8.197043970381262, -10.308236486901313], [-8.388083358155907, -10.406897216205445], [-8.47029794794582, -10.252857615569472], [-8.44053059651082, -10.236975251532897], [-8.504881553815052, -10.116456136973092], [-8.344962578858034, -10.031100511789809]]]], "centroids": [[-7.733590796867529, -13.62414703450469, 10.474600134692462], [-10.098610732673501, -16.021651133901376, 10.834759000089017], [-8.357085929345587, -10.222132673580832, 10.549038466350806]], "h": 0.6040452816375623}, "mtl": {"face": 0}}, {"geom": {"polygons": [[[[-2.3233559752739277, -28.346333334456173], [-3.5144768931132777, -28.98207085840617], [-3.6432915630197904, -28.740718525748637], [-4.701095660164157, -29.30529146171114], [-4.6919302797299665, -29.322462455518053], [-4.835982998492538, -29.399570849331056], [-6.249730845381862, -26.750783965569866], [-6.105573425418104, -26.67384470467347], [-6.096238912297025, -26.691337855866717], [-5.7709323392948875, -26.517719134049663], [-5.767477200396398, -26.51586672866572], [-5.788272465873079, -26.476901780990392], [-5.770682667378613, -26.4671404093193], [-6.068380343962964, -25.90937305011197], [-5.847654144160846, -25.79179362239625], [-5.910305720747755, -25.674415543440777], [-5.90150276737319, -25.669720097993608], [-6.1135387692206775, -25.2724596510943], [-5.149812711104746, -24.75808690523701], [-4.7735730399969425, -25.463015802639436], [-4.760259881957374, -25.45591223026815], [-4.672222295727496, -25.620864915947674], [-3.9762735379583414, -25.249417337147587], [-2.3233559752739277, -28.346333334456173]]]], "centroids": [[-4.454839186805637, -27.161499434147817, 9.817961731998501]], "h": 2.4161811265502493}, "mtl": {"face": 0}}]}