{"type": "block", "layer": 0, "block": 5, "features": [{"geom": {"polygons": [[[[18.66574071598598, 19.663739207333286], [18.872700951976018, 19.50079259134699], [18.548286098421396, 19.088745581609842], [18.415238411789513, 19.193506536108433], [18.439281178306764, 19.22403632528113], [18.27778107919209, 19.35119598731811], [18.253751057313405, 19.320672570633455], [18.082705221547002, 19.455345199047123], [18.10672249874633, 19.4858494989798], [17.926780903128435, 19.627525307901326], [17.902750881283136, 19.59700826358602], [17.731705045520442, 19.731674519689676], [17.75573506730268, 19.76219793643368], [17.66816026212168, 19.831152820230976], [17.645003248282965, 19.80173818726796], [17.473498605309544, 19.842030371751335], [17.482368875943255, 19.879799117376947], [17.28857385483511, 19.925342094386277], [17.279697211895105, 19.88754148721063], [17.06776656564256, 19.937309312935657], [17.076643208515808, 19.975122664671968], [16.85369481964827, 20.027471280400906], [16.844818176708266, 19.989657928545896], [16.632887530507656, 20.03942575421157], [16.641764173455087, 20.077239106066582], [16.527330035941425, 20.10411118300442], [16.620569834325536, 20.501189610956292], [17.490378883238623, 20.296988590013846], [17.508125796816053, 20.37256431500642], [17.764535242314892, 20.31216108595672], [17.746820190409906, 20.236712807223643], [17.84028302009679, 20.21476653428923], [18.617540481349103, 19.602520320940954], [18.66574071598598, 19.663739207333286]]]], "centroids": [[17.710117985030926, 19.90198249954301, 7.185291763413585]], "h": 1.433772187201167}, "mtl": {"face": 0}}, {"geom": {"polygons": [[[[17.757455593983085, 18.775112694981097], [17.734547100501697, 18.79313999055491], [17.87123975480406, 18.966728382353917], [17.894135503428043, 18.948688342041386], [17.91815915308945, 18.97921175884474], [18.086057062315476, 18.847056197038167], [18.236214430407603, 19.03776064271501], [18.404105967323613, 18.905617825469115], [18.181839416721058, 18.623298523390222], [18.059650164749996, 18.719475961828568], [17.84346918060107, 18.444765210717122], [17.629805263074083, 18.612968991420676], [17.757455593983085, 18.775112694981097]]]], "centroids": [[17.996304371599827, 18.759447981383698, 7.377765294964885]], "h": 0.477924062400389}, "mtl": {"face": 0}}, {"geom": {"polygons": [[[[16.624775566051873, -43.4748214210782], [16.65521614267306, -43.53185369249616], [16.712764572177107, -43.50113910627391], [16.999194021165287, -44.03810272112732], [16.93867609022761, -44.07046773860876], [17.0568125461128, -44.29293820355814], [17.073367835719644, -44.28288268115628], [17.249415943369062, -44.61272675209883], [17.189458776565115, -44.64476678129515], [17.21998856572299, -44.70197110538003], [17.073660962488134, -44.7800702695271], [17.109626341228925, -44.84745118996333], [16.633989942037985, -45.1013117071233], [17.137753765408036, -46.04516075182473], [17.100634996523322, -46.06499778658598], [17.179983135442157, -46.213460117415785], [16.441405661789645, -46.61369921653177], [15.68086279824673, -45.19929888474905], [15.479025908215293, -45.30750089246749], [15.321266361376706, -45.01192079071193], [15.44090668488276, -44.944310466521976], [15.366968646295698, -44.80859914979675], [15.533521995921795, -44.719705274218754], [15.362355086005607, -44.39901185599533], [15.520095515947563, -44.31471242370693], [15.453574858727281, -44.19008257295641], [16.16174998978187, -43.812108362749974], [16.115971236838632, -43.72645799842552], [16.284417165778674, -43.636429849767154], [16.24606853904851, -43.564677517128985], [16.428323287123302, -43.466033990622954], [16.47552306747927, -43.55448180384763], [16.624775566051873, -43.4748214210782]]]], "centroids": [[16.34707471216712, -44.93917748760693, 7.74410616524509]], "h": 9.55848124800778}, "mtl": {"face": 0}}, {"geom": {"polygons": [[[[1.3174668455889438, -15.086285050229819], [1.3679611157415672, -15.180888525247745], [1.48223594525283, -15.11989267029914], [1.6598643884954134, -15.4526998703208], [1.676101061926838, -15.444039886362425], [1.7196622471337464, -15.525662944056167], [1.5379364017131358, -15.622662411613021], [1.5024935532608752, -15.556262828579603], [1.258688558209753, -15.68639199224308], [1.1633586385676464, -15.507775839421193], [1.103388727125143, -15.539790379199435], [0.9849782614868019, -15.31793802950769], [1.0449545451985065, -15.285929861802076], [1.0224411356534402, -15.243751470292512], [1.3174668455889438, -15.086285050229819]]], [[[-0.7252188310255536, -17.28448084457475], [-0.42035425779594626, -17.12176363204545], [-0.33604845329026634, -17.279714348440198], [-0.6409130264086016, -17.442431560910155], [-0.7252188310255536, -17.28448084457475]]], [[[0.8568627512165805, -12.542339872458424], [0.9738967955454703, -12.7616114322056], [0.8227453453822919, -12.839672362373934], [0.7576966943367069, -12.717795354234905], [0.7812487920969113, -12.70522913747661], [0.7303339486752103, -12.609873728572207], [0.8568627512165805, -12.542339872458424]]]], "centroids": [[1.340583582366428, -15.385178717046838, 8.287563201918376], [-0.5306336421337987, -17.282097596537152, 8.572522944660173], [0.8472706873580371, -12.69348560538227, 8.346459233302014]], "h": 0.477924062400389}, "mtl": {"face": 0}}, {"geom": {"polygons": [[[[5.621192144470077, -27.033456251495746], [4.678770499654661, -27.536455396266614], [4.576851600178133, -27.345496057952108], [3.739910982149519, -27.792189375951455], [3.7471626832780824, -27.805775163913257], [3.6331873528786973, -27.866783763659914], [2.5146220155857213, -25.77104851598409], [2.628680186170984, -25.71017373516301], [2.636065706043378, -25.724014415881182], [2.893450116816765, -25.586646295705442], [2.896183842364697, -25.585180662029927], [2.879730510044376, -25.55435137381211], [2.8936476586569504, -25.546628121027155], [2.6581075637577167, -25.105319414063906], [2.8327473884437793, -25.012289902110314], [2.783177104711021, -24.919419698441015], [2.7901420514886643, -24.915704635297395], [2.622377960850686, -24.601389910251594], [3.3848834993216226, -24.19441526818216], [3.6825664670033786, -24.752159021161535], [3.6930999133642173, -24.746538634299085], [3.762755752311986, -24.87705013739385], [4.313394367738033, -24.58315870040146], [5.621192144470077, -27.033456251495746]]]], "centroids": [[3.934750504479423, -26.096008930708837, 7.76802716300946]], "h": 1.911696249601556}, "mtl": {"face": 0}}]}